,Ticker
0,A
1,AA
2,AAL
3,AAMI
4,AAOI
5,AAON
6,AAP
7,AAPL
8,AAT
9,AAWW
10,ABAX
11,ABBV
12,ABCB
13,ABG
14,ABM
15,ABMD
16,ABNB
17,ABR
18,ABT
19,ABX
20,ACA
21,ACAT
22,ACGL
23,ACHC
24,ACIC
25,ACIW
26,ACLS
27,ACM
28,ACN
29,ADBE
30,ADC
31,ADEA
32,ADI
33,ADM
34,ADMA
35,ADNT
36,ADP
37,ADSK
38,ADTN
39,ADUS
40,ADVS
41,AEE
42,AEGN
43,AEIS
44,AEL
45,AEO
46,AEP
47,AES
48,AESC
49,AESI
50,AET
51,AFAM
52,AFFX
53,AFG
54,AFL
55,AGCO
56,AGN
57,AGO
58,AGYS
59,AHCO
60,AHH
61,AIG
62,AIN
63,AIR
64,AIRM
65,AIT
66,AIV
67,AIZ
68,AJG
69,AJRD
70,AKAM
71,AKR
72,AKS
73,AL
74,ALB
75,ALE
76,ALEX
77,ALG
78,ALGM
79,ALGN
80,ALGT
81,ALK
82,ALKS
83,ALL
84,ALLE
85,ALLY
86,ALOG
87,ALRM
88,ALTM
89,ALTR
90,ALV
91,ALXN
92,AM
93,AMAG
94,AMAT
95,AMBC
96,AMCC
97,AMCR
98,AMCX
99,AMD
100,AME
101,AMED
102,AMG
103,AMGN
104,AMH
105,AMKR
106,AMN
107,AMP
108,AMPH
109,AMR
110,AMSF
111,AMT
112,AMTM
113,AMWD
114,AMZN
115,AN
116,ANDE
117,ANDV
118,ANET
119,ANF
120,ANGO
121,ANIK
122,ANIP
123,ANN
124,ANSS
125,AOL
126,AON
127,AORT
128,AOS
129,AOSL
130,APA
131,APAM
132,APC
133,APD
134,APEI
135,APH
136,APLE
137,APO
138,APOG
139,APOL
140,APPF
141,APTV
142,AR
143,ARCB
144,ARCH
145,ARE
146,ARG
147,ARI
148,ARLO
149,ARMK
150,AROC
151,ARQL
152,ARR
153,ARRS
154,ARW
155,ASB
156,ASEI
157,ASGN
158,ASH
159,ASIX
160,ASO
161,ASTE
162,ASTH
163,ATEN
164,ATGE
165,ATI
166,ATML
167,ATNI
168,ATO
169,ATR
170,ATVI
171,ATW
172,AUB
173,AVA
174,AVAV
175,AVB
176,AVD
177,AVGO
178,AVID
179,AVNS
180,AVNT
181,AVP
182,AVT
183,AVTA
184,AVTR
185,AVY
186,AWI
187,AWK
188,AWR
189,AWRE
190,AX
191,AXE
192,AXL
193,AXLL
194,AXON
195,AXP
196,AXTA
197,AXTI
198,AYI
199,AZO
200,AZPN
201,AZTA
202,AZZ
203,B
204,BA
205,BAC
206,BALL
207,BANC
208,BANF
209,BANR
210,BAX
211,BBOX
212,BBWI
213,BBY
214,BC
215,BCC
216,BCPC
217,BCR
218,BDC
219,BDN
220,BDX
221,BEAV
222,BEM
223,BEN
224,BERY
225,BFH
226,BFS
227,BG
228,BGC
229,BGFV
230,BGS
231,BH
232,BHE
233,BHF
234,BHI
235,BHLB
236,BID
237,BIIB
238,BILL
239,BIO
240,BJ
241,BJRI
242,BK
243,BKE
244,BKH
245,BKHU
246,BKNG
247,BKR
248,BKS
249,BKU
250,BL
251,BLD
252,BLDR
253,BLFS
254,BLK
255,BLKB
256,BLMN
257,BMI
258,BMRN
259,BMS
260,BMY
261,BNED
262,BOBE
263,BOH
264,BOOM
265,BOOT
266,BOX
267,BPFH
268,BR
269,BRBR
270,BRC
271,BRCM
272,BRKL
273,BRKR
274,BRO
275,BRX
276,BSET
277,BSX
278,BTH
279,BTU
280,BURL
281,BWA
282,BWLD
283,BWXT
284,BX
285,BXMT
286,BXP
287,BYD
288,C
289,CAA
290,CAB
291,CABO
292,CACI
293,CADE
294,CAG
295,CAH
296,CAKE
297,CAL
298,CALM
299,CALX
300,CAM
301,CAR
302,CARG
303,CARR
304,CARS
305,CASH
306,CASY
307,CAT
308,CATO
309,CATY
310,CB
311,CBB
312,CBEY
313,CBL
314,CBM
315,CBOE
316,CBRE
317,CBRL
318,CBSH
319,CBST
320,CBT
321,CBU
322,CC
323,CCEP
324,CCI
325,CCK
326,CCL
327,CCMP
328,CCOI
329,CCRN
330,CCS
331,CCZ
332,CDI
333,CDK
334,CDNS
335,CDP
336,CDR
337,CDW
338,CDWC
339,CE
340,CEB
341,CEG
342,CELG
343,CENT
344,CENX
345,CERN
346,CERT
347,CEVA
348,CF
349,CFFN
350,CFG
351,CFN
352,CFR
353,CFXA
354,CG
355,CGNX
356,CHCO
357,CHCT
358,CHD
359,CHE
360,CHEF
361,CHH
362,CHRD
363,CHRW
364,CHS
365,CHTR
366,CHUY
367,CHWY
368,CHX
369,CI
370,CIEN
371,CINF
372,CIR
373,CIVI
374,CKH
375,CKP
376,CL
377,CLB
378,CLC
379,CLDT
380,CLF
381,CLGX
382,CLH
383,CLW
384,CLX
385,CMA
386,CMC
387,CMD
388,CME
389,CMG
390,CMI
391,CMO
392,CMP
393,CMS
394,CMTL
395,CNC
396,CNH
397,CNK
398,CNM
399,CNMD
400,CNO
401,CNP
402,CNQR
403,CNR
404,CNS
405,CNSL
406,CNVR
407,CNX
408,CNXC
409,CNXN
410,COF
411,COHR
412,COHU
413,COKE
414,COL
415,COLL
416,COLM
417,CON
418,COO
419,COOP
420,COP
421,COR
422,CORE
423,CORT
424,COST
425,COTY
426,CPAY
427,CPB
428,CPE
429,CPF
430,CPK
431,CPLA
432,CPRI
433,CPRT
434,CPRX
435,CPS
436,CPT
437,CR
438,CRC
439,CRCM
440,CRGY
441,CRI
442,CRK
443,CRL
444,CRM
445,CROX
446,CRS
447,CRSR
448,CRUS
449,CRVL
450,CRWD
451,CSCO
452,CSGP
453,CSGS
454,CSII
455,CSL
456,CSR
457,CSWI
458,CSX
459,CTAS
460,CTB
461,CTG
462,CTKB
463,CTLT
464,CTRA
465,CTRE
466,CTS
467,CTSH
468,CTVA
469,CTXS
470,CUBE
471,CUBI
472,CUK
473,CURB
474,CUTR
475,CUZ
476,CVBF
477,CVCO
478,CVD
479,CVET
480,CVGW
481,CVI
482,CVLT
483,CVS
484,CVX
485,CW
486,CWEN
487,CWK
488,CWT
489,CXM
490,CXO
491,CXT
492,CXW
493,CY
494,CYH
495,CYTK
496,CZR
497,D
498,DAB
499,DAKT
500,DAL
501,DAN
502,DAR
503,DAY
504,DBD
505,DBI
506,DBX
507,DCI
508,DCOM
509,DCUE
510,DD
511,DDD
512,DDS
513,DE
514,DEA
515,DECK
516,DEI
517,DEL
518,DELL
519,DEN
520,DFH
521,DFIN
522,DFS
523,DG
524,DGII
525,DGX
526,DHC
527,DHI
528,DHR
529,DIN
530,DINO
531,DIOD
532,DIS
533,DISH
534,DKE
535,DKS
536,DLB
537,DLPH
538,DLR
539,DLTR
540,DLX
541,DMND
542,DNKN
543,DNOW
544,DO
545,DOC
546,DOCN
547,DOCS
548,DOCU
549,DORM
550,DOV
551,DOW
552,DPLO
553,DPZ
554,DRE
555,DRH
556,DRI
557,DSGR
558,DSPG
559,DT
560,DTE
561,DTM
562,DTP
563,DTSI
564,DUK
565,DUOL
566,DV
567,DVA
568,DVAX
569,DVN
570,DWA
571,DXC
572,DXCM
573,DXPE
574,DY
575,EA
576,EAS
577,EAT
578,EBAY
579,EBS
580,ECG
581,ECHO
582,ECL
583,ECOL
584,ECPG
585,ED
586,EEFT
587,EFC
588,EFX
589,EG
590,EGBN
591,EGHT
592,EGN
593,EGP
594,EGRX
595,EHTH
596,EIG
597,EIX
598,EL
599,ELF
600,ELLH
601,ELME
602,ELS
603,ELV
604,EMBC
605,EMMS
606,EMN
607,EMR
608,ENOV
609,ENPH
610,ENR
611,ENS
612,ENSG
613,ENTA
614,ENVA
615,ENZ
616,EOG
617,EPAC
618,EPAM
619,EPAY
620,EPC
621,EPIQ
622,EPR
623,EPRT
624,EQH
625,EQIX
626,EQR
627,EQT
628,EQY
629,ERIE
630,ES
631,ESAB
632,ESE
633,ESIO
634,ESL
635,ESND
636,ESNT
637,ESRX
638,ESS
639,ETD
640,ETFC
641,ETN
642,ETR
643,ETRN
644,ETSY
645,EVR
646,EVRG
647,EVTC
648,EW
649,EWBC
650,EXAR
651,EXC
652,EXE
653,EXEL
654,EXLS
655,EXP
656,EXPD
657,EXPE
658,EXPI
659,EXPO
660,EXR
661,EXTN
662,EXTR
663,EYE
664,EZPW
665,F
666,FAF
667,FANG
668,FARO
669,FAST
670,FBIN
671,FBK
672,FBM
673,FBNC
674,FBP
675,FBRT
676,FC
677,FCFS
678,FCN
679,FCPT
680,FCS
681,FCX
682,FDP
683,FDS
684,FDX
685,FE
686,FEIC
687,FELE
688,FF
689,FFBC
690,FFIN
691,FFIV
692,FHB
693,FHI
694,FHN
695,FI
696,FICO
697,FINL
698,FIS
699,FITB
700,FIVE
701,FIX
702,FIZZ
703,FL
704,FLEX
705,FLG
706,FLGT
707,FLIR
708,FLO
709,FLR
710,FLS
711,FMBI
712,FMC
713,FMCC
714,FMER
715,FN
716,FNB
717,FND
718,FNF
719,FNFG
720,FNMA
721,FOE
722,FOR
723,FORM
724,FORR
725,FOSL
726,FOUR
727,FOX
728,FOXA
729,FOXF
730,FR
731,FRGI
732,FRT
733,FSB
734,FSLR
735,FSP
736,FSS
737,FTDR
738,FTI
739,FTNT
740,FTRE
741,FTV
742,FUL
743,FULT
744,FUN
745,FWLT
746,FWRD
747,FYBR
748,G
749,GAP
750,GAS
751,GATX
752,GBCI
753,GBX
754,GCI
755,GCO
756,GCP
757,GD
758,GDDY
759,GDEN
760,GDOT
761,GDYN
762,GE
763,GEF
764,GEHC
765,GEN
766,GEO
767,GEOS
768,GES
769,GEV
770,GFF
771,GGG
772,GHC
773,GHL
774,GIFI
775,GIII
776,GILD
777,GIS
778,GKOS
779,GL
780,GLPI
781,GLUU
782,GLW
783,GM
784,GMCR
785,GME
786,GMED
787,GMS
788,GNL
789,GNRC
790,GNTX
791,GNW
792,GO
793,GOGO
794,GOLD
795,GOOG
796,GPC
797,GPI
798,GPK
799,GPMT
800,GPN
801,GPOR
802,GPRE
803,GRBK
804,GRMN
805,GS
806,GSHD
807,GT
808,GTES
809,GTIV
810,GTLS
811,GTX
812,GTY
813,GVA
814,GWB
815,GWW
816,GXO
817,GXP
818,H
819,HA
820,HAE
821,HAFC
822,HAIN
823,HAL
824,HAR
825,HAS
826,HASI
827,HAYN
828,HAYW
829,HBAN
830,HBI
831,HCA
832,HCC
833,HCI
834,HCSG
835,HD
836,HE
837,HELE
838,HES
839,HFWA
840,HGM
841,HGV
842,HHS
843,HI
844,HIBB
845,HIG
846,HII
847,HIMS
848,HITT
849,HIW
850,HLI
851,HLIT
852,HLNE
853,HLNQ
854,HLT
855,HLX
856,HMN
857,HMST
858,HMSY
859,HNGR
860,HNI
861,HNT
862,HNZ
863,HOG
864,HOLX
865,HOMB
866,HON
867,HOPE
868,HOT
869,HOUS
870,HP
871,HPE
872,HPQ
873,HPR
874,HQY
875,HR
876,HRB
877,HRC
878,HRL
879,HRMY
880,HSH
881,HSIC
882,HSII
883,HSKA
884,HSP
885,HST
886,HSTM
887,HSY
888,HT
889,HTCH
890,HTH
891,HTLD
892,HTZ
893,HUBB
894,HUBG
895,HUM
896,HVT
897,HW
898,HWKN
899,HWM
900,HXL
901,HZO
902,IAC
903,IART
904,IBKR
905,IBM
906,IBP
907,IBTX
908,ICE
909,ICHR
910,ICUI
911,IDA
912,IDCC
913,IDTI
914,IDXX
915,IEX
916,IFF
917,IFFT
918,IIIN
919,IIPR
920,ILMN
921,ILPT
922,IM
923,INCY
924,INDB
925,INGN
926,INGR
927,INN
928,INSP
929,INSW
930,INTC
931,INTU
932,INVA
933,INVE
934,INVH
935,INVX
936,IOSP
937,IP
938,IPAR
939,IPCC
940,IPCM
941,IPG
942,IPGP
943,IPHS
944,IQNT
945,IQV
946,IR
947,IRBT
948,IRDM
949,IRF
950,IRM
951,IRT
952,IRWD
953,ISCA
954,ISIL
955,ISRG
956,IT
957,ITG
958,ITGR
959,ITRI
960,ITT
961,ITW
962,IVAC
963,IVZ
964,J
965,JACK
966,JAKK
967,JAZZ
968,JBGS
969,JBHT
970,JBL
971,JBLU
972,JBSS
973,JBTM
974,JCI
975,JEF
976,JHG
977,JJSF
978,JKHY
979,JLL
980,JNJ
981,JNPR
982,JNS
983,JOE
984,JOY
985,JPM
986,JRVR
987,JSM
988,JWN
989,JXN
990,K
991,KALU
992,KAMN
993,KAR
994,KATE
995,KBH
996,KBR
997,KBS
998,KD
999,KDP
1000,KEX
1001,KEY
1002,KEYS
1003,KFY
1004,KHC
1005,KIM
1006,KKR
1007,KLAC
1008,KLG
1009,KLIC
1010,KLXE
1011,KMB
1012,KMI
1013,KMPR
1014,KMT
1015,KMX
1016,KN
1017,KND
1018,KNF
1019,KNSL
1020,KNX
1021,KO
1022,KODK
1023,KOP
1024,KOPN
1025,KR
1026,KRA
1027,KRC
1028,KREF
1029,KRG
1030,KRYS
1031,KSS
1032,KSU
1033,KTB
1034,KVUE
1035,KW
1036,KWR
1037,L
1038,LAD
1039,LAMR
1040,LANC
1041,LBRT
1042,LCII
1043,LDL
1044,LDOS
1045,LDR
1046,LEA
1047,LECO
1048,LEE
1049,LEG
1050,LEN
1051,LESL
1052,LFUS
1053,LGIH
1054,LGND
1055,LH
1056,LHCG
1057,LHO
1058,LHX
1059,LII
1060,LIN
1061,LITE
1062,LIVN
1063,LKFN
1064,LKQ
1065,LLTC
1066,LLY
1067,LM
1068,LMAT
1069,LMNX
1070,LMT
1071,LNC
1072,LNCE
1073,LNN
1074,LNT
1075,LNTH
1076,LNW
1077,LO
1078,LOCO
1079,LOGM
1080,LOJN
1081,LOPE
1082,LOW
1083,LPG
1084,LPNT
1085,LPSN
1086,LPT
1087,LPX
1088,LQDT
1089,LRCX
1090,LRN
1091,LSCC
1092,LSI
1093,LSTR
1094,LTC
1095,LUB
1096,LULU
1097,LUMN
1098,LUV
1099,LVS
1100,LW
1101,LXK
1102,LXP
1103,LXU
1104,LYB
1105,LYV
1106,LZB
1107,M
1108,MA
1109,MAA
1110,MAC
1111,MAGN
1112,MAN
1113,MANH
1114,MANT
1115,MAR
1116,MARA
1117,MAS
1118,MASI
1119,MAT
1120,MATV
1121,MATW
1122,MATX
1123,MBC
1124,MBI
1125,MC
1126,MCD
1127,MCHP
1128,MCK
1129,MCO
1130,MCRI
1131,MCRL
1132,MCRS
1133,MCS
1134,MCW
1135,MCY
1136,MD
1137,MDC
1138,MDCO
1139,MDLZ
1140,MDP
1141,MDRX
1142,MDT
1143,MDU
1144,MED
1145,MEDP
1146,MEI
1147,MENT
1148,MERC
1149,MET
1150,META
1151,MEU
1152,MFIC
1153,MGEE
1154,MGLN
1155,MGM
1156,MGPI
1157,MGY
1158,MHK
1159,MHO
1160,MIDD
1161,MIK
1162,MINI
1163,MJN
1164,MKC
1165,MKSI
1166,MKTX
1167,MLAB
1168,MLKN
1169,MLM
1170,MMC
1171,MMI
1172,MMM
1173,MMS
1174,MMSI
1175,MNRO
1176,MNST
1177,MNTA
1178,MO
1179,MOD
1180,MODG
1181,MODV
1182,MOH
1183,MORN
1184,MOS
1185,MOV
1186,MP
1187,MPAA
1188,MPC
1189,MPW
1190,MPWR
1191,MRCY
1192,MRK
1193,MRNA
1194,MRO
1195,MRTN
1196,MS
1197,MSA
1198,MSCC
1199,MSCI
1200,MSEX
1201,MSFT
1202,MSGS
1203,MSI
1204,MSM
1205,MSTR
1206,MTB
1207,MTCH
1208,MTD
1209,MTDR
1210,MTEX
1211,MTG
1212,MTH
1213,MTN
1214,MTOR
1215,MTRN
1216,MTRX
1217,MTSC
1218,MTSI
1219,MTUS
1220,MTW
1221,MTX
1222,MTZ
1223,MU
1224,MUR
1225,MUSA
1226,MWIV
1227,MWV
1228,MWW
1229,MXIM
1230,MXL
1231,MYE
1232,MYGN
1233,MYRG
1234,NABL
1235,NARI
1236,NATI
1237,NATL
1238,NATR
1239,NAV
1240,NAVG
1241,NAVI
1242,NBHC
1243,NBIX
1244,NBL
1245,NBR
1246,NCLH
1247,NDAQ
1248,NDSN
1249,NEE
1250,NEM
1251,NEOG
1252,NEU
1253,NFBK
1254,NFG
1255,NFLX
1256,NFX
1257,NGVT
1258,NHC
1259,NI
1260,NJR
1261,NKE
1262,NKTR
1263,NLSN
1264,NLY
1265,NMIH
1266,NNN
1267,NOC
1268,NOG
1269,NOV
1270,NOVT
1271,NOW
1272,NP
1273,NPBC
1274,NPK
1275,NPKI
1276,NPO
1277,NRG
1278,NSA
1279,NSC
1280,NSIT
1281,NSP
1282,NTAP
1283,NTCT
1284,NTGR
1285,NTRS
1286,NTUS
1287,NUE
1288,NUS
1289,NVDA
1290,NVEE
1291,NVR
1292,NVRI
1293,NVST
1294,NVT
1295,NWBI
1296,NWE
1297,NWL
1298,NWN
1299,NWS
1300,NWSA
1301,NX
1302,NXGN
1303,NXPI
1304,NXRT
1305,NXST
1306,NXT
1307,NYMT
1308,NYT
1309,O
1310,OA
1311,OC
1312,OCR
1313,ODFL
1314,ODP
1315,OFG
1316,OFIX
1317,OGE
1318,OGN
1319,OGS
1320,OHI
1321,OI
1322,OII
1323,OIS
1324,OKE
1325,OLED
1326,OLLI
1327,OLN
1328,OMC
1329,OMCL
1330,OMG
1331,OMI
1332,OMN
1333,ON
1334,ONB
1335,ONTO
1336,OPCH
1337,OPI
1338,ORA
1339,ORB
1340,ORCL
1341,ORI
1342,ORLY
1343,OSG
1344,OSIS
1345,OSK
1346,OSPN
1347,OSUR
1348,OTIS
1349,OTTR
1350,OUT
1351,OXM
1352,OXY
1353,OZK
1354,PAG
1355,PAHC
1356,PANW
1357,PARA
1358,PARR
1359,PATK
1360,PAYC
1361,PAYO
1362,PAYX
1363,PB
1364,PBCT
1365,PBF
1366,PBH
1367,PBI
1368,PCAR
1369,PCG
1370,PCH
1371,PCP
1372,PCRX
1373,PCTI
1374,PCTY
1375,PDCE
1376,PDCO
1377,PDFS
1378,PDLI
1379,PEB
1380,PECO
1381,PEG
1382,PEN
1383,PENG
1384,PENN
1385,PENX
1386,PEP
1387,PERY
1388,PETM
1389,PETS
1390,PFBC
1391,PFE
1392,PFG
1393,PFGC
1394,PFS
1395,PG
1396,PGNX
1397,PGNY
1398,PGR
1399,PGTI
1400,PH
1401,PHIN
1402,PHM
1403,PI
1404,PII
1405,PINC
1406,PIPR
1407,PJT
1408,PK
1409,PKE
1410,PKG
1411,PLAB
1412,PLAY
1413,PLCE
1414,PLCM
1415,PLD
1416,PLMR
1417,PLNT
1418,PLTR
1419,PLUS
1420,PLXS
1421,PM
1422,PMCS
1423,PMT
1424,PNC
1425,PNFP
1426,PNR
1427,PNRA
1428,PNTG
1429,PNW
1430,PNY
1431,PODD
1432,POM
1433,POOL
1434,POR
1435,POST
1436,POWI
1437,POWL
1438,PPBI
1439,PPC
1440,PPG
1441,PPL
1442,PR
1443,PRA
1444,PRAA
1445,PRDO
1446,PRFT
1447,PRG
1448,PRGO
1449,PRGS
1450,PRI
1451,PRLB
1452,PRSP
1453,PRSU
1454,PRU
1455,PRVA
1456,PRXL
1457,PSA
1458,PSB
1459,PSEM
1460,PSMT
1461,PSN
1462,PSTG
1463,PSX
1464,PTC
1465,PTEN
1466,PTGX
1467,PUMP
1468,PVH
1469,PVTB
1470,PWR
1471,PXD
1472,PYPL
1473,PYYX
1474,PZZA
1475,QCOM
1476,QDEL
1477,QEP
1478,QLGC
1479,QLYS
1480,QMCO
1481,QNST
1482,QRVO
1483,R
1484,RAI
1485,RAMP
1486,RAVN
1487,RBA
1488,RBC
1489,RC
1490,RCL
1491,RCUS
1492,RDC
1493,RDN
1494,REG
1495,REGI
1496,REGN
1497,RES
1498,REX
1499,REXR
1500,REZI
1501,RF
1502,RGA
1503,RGEN
1504,RGNX
1505,RGP
1506,RGR
1507,RGS
1508,RH
1509,RHI
1510,RHT
1511,RIG
1512,RJF
1513,RL
1514,RLI
1515,RMAX
1516,RMBS
1517,RMD
1518,RNR
1519,RNST
1520,ROCC
1521,ROCK
1522,ROG
1523,ROIC
1524,ROIV
1525,ROK
1526,ROL
1527,ROP
1528,ROST
1529,RPM
1530,RRC
1531,RRGB
1532,RRX
1533,RS
1534,RSG
1535,RSYS
1536,RT
1537,RTI
1538,RTX
1539,RUN
1540,RUTH
1541,RVTY
1542,RWT
1543,RXO
1544,RYAM
1545,RYAN
1546,RYL
1547,RYN
1548,SABR
1549,SAFE
1550,SAFM
1551,SAFT
1552,SAH
1553,SAIA
1554,SAIC
1555,SAM
1556,SANM
1557,SAPE
1558,SATS
1559,SBAC
1560,SBCF
1561,SBH
1562,SBOW
1563,SBRA
1564,SBUX
1565,SCHL
1566,SCHW
1567,SCI
1568,SCL
1569,SCOR
1570,SCSC
1571,SCVL
1572,SDGR
1573,SEDG
1574,SEE
1575,SEIC
1576,SEM
1577,SF
1578,SFBS
1579,SFG
1580,SFM
1581,SFNC
1582,SGI
1583,SHAK
1584,SHC
1585,SHEN
1586,SHLM
1587,SHO
1588,SHOO
1589,SHW
1590,SHYF
1591,SIAL
1592,SIG
1593,SIGI
1594,SITC
1595,SITM
1596,SIX
1597,SJI
1598,SJM
1599,SJW
1600,SKT
1601,SKX
1602,SKY
1603,SKYW
1604,SLAB
1605,SLB
1606,SLG
1607,SLGN
1608,SLH
1609,SLM
1610,SLP
1611,SLVM
1612,SLXP
1613,SM
1614,SMA
1615,SMCI
1616,SMG
1617,SMP
1618,SMPL
1619,SMSI
1620,SMTC
1621,SNA
1622,SNBR
1623,SNCY
1624,SNDR
1625,SNEX
1626,SNI
1627,SNPS
1628,SNV
1629,SNX
1630,SO
1631,SOLN
1632,SOLV
1633,SON
1634,SONC
1635,SONO
1636,SPG
1637,SPGI
1638,SPLS
1639,SPNT
1640,SPOK
1641,SPPI
1642,SPSC
1643,SPTN
1644,SPXC
1645,SR
1646,SRC
1647,SRCI
1648,SRCL
1649,SRDX
1650,SRE
1651,SRPT
1652,SRT
1653,SSD
1654,SSP
1655,SSTK
1656,ST
1657,STAA
1658,STAG
1659,STC
1660,STE
1661,STEL
1662,STEP
1663,STJ
1664,STLD
1665,STRA
1666,STT
1667,STWD
1668,STX
1669,STZ
1670,SUP
1671,SUPN
1672,SUSQ
1673,SVC
1674,SVU
1675,SWC
1676,SWI
1677,SWK
1678,SWKS
1679,SWS
1680,SWT
1681,SWX
1682,SWY
1683,SXC
1684,SXCL
1685,SXI
1686,SXT
1687,SYF
1688,SYK
1689,SYNA
1690,SYY
1691,T
1692,TALO
1693,TAP
1694,TBBK
1695,TBI
1696,TBRG
1697,TCBI
1698,TCF
1699,TCMD
1700,TDC
1701,TDG
1702,TDS
1703,TDW
1704,TDY
1705,TECD
1706,TECH
1707,TEG
1708,TEL
1709,TER
1710,TEX
1711,TFC
1712,TFCF
1713,TFIN
1714,TFX
1715,TG
1716,TGI
1717,TGNA
1718,TGT
1719,THC
1720,THG
1721,THO
1722,THRM
1723,THRY
1724,THS
1725,TILE
1726,TISI
1727,TJX
1728,TKO
1729,TKR
1730,TMDX
1731,TMHC
1732,TMO
1733,TMP
1734,TMUS
1735,TNC
1736,TNDM
1737,TNL
1738,TOL
1739,TPH
1740,TPL
1741,TPR
1742,TQNT
1743,TR
1744,TREE
1745,TREX
1746,TRGP
1747,TRHC
1748,TRIP
1749,TRMB
1750,TRMK
1751,TRN
1752,TRNO
1753,TROW
1754,TRST
1755,TRUP
1756,TRV
1757,TSCO
1758,TSLA
1759,TSN
1760,TT
1761,TTC
1762,TTEC
1763,TTEK
1764,TTGT
1765,TTI
1766,TTMI
1767,TTWO
1768,TVTY
1769,TWC
1770,TWGP
1771,TWI
1772,TWO
1773,TWTR
1774,TXN
1775,TXNM
1776,TXRH
1777,TXT
1778,TYL
1779,UA
1780,UAA
1781,UAL
1782,UBA
1783,UBER
1784,UBP
1785,UBSI
1786,UCB
1787,UCTT
1788,UDR
1789,UE
1790,UEIC
1791,UFCS
1792,UFI
1793,UFPI
1794,UFPT
1795,UFS
1796,UGI
1797,UHS
1798,UHT
1799,UIS
1800,UL
1801,ULTA
1802,UMBF
1803,UN
1804,UNF
1805,UNFI
1806,UNH
1807,UNIT
1808,UNM
1809,UNP
1810,UNS
1811,UNTC
1812,UNTD
1813,UPBD
1814,UPS
1815,URBN
1816,URI
1817,URS
1818,USB
1819,USCR
1820,USFD
1821,USNA
1822,USPH
1823,UTEK
1824,UTHR
1825,UTI
1826,UTL
1827,UVV
1828,V
1829,VAC
1830,VAL
1831,VAR
1832,VBTX
1833,VC
1834,VCEL
1835,VECO
1836,VFC
1837,VGR
1838,VIAB
1839,VIAV
1840,VICI
1841,VICR
1842,VIR
1843,VIRT
1844,VLO
1845,VLTO
1846,VLY
1847,VMC
1848,VMI
1849,VNDA
1850,VNO
1851,VNOM
1852,VNT
1853,VOXX
1854,VOYA
1855,VRA
1856,VRE
1857,VREX
1858,VRRM
1859,VRSK
1860,VRSN
1861,VRTU
1862,VRTV
1863,VRTX
1864,VSAT
1865,VSCO
1866,VSH
1867,VST
1868,VSTO
1869,VSTS
1870,VTIV
1871,VTLE
1872,VTOL
1873,VTR
1874,VTRS
1875,VTSS
1876,VVC
1877,VVV
1878,VZ
1879,WAB
1880,WABC
1881,WAFD
1882,WAL
1883,WAT
1884,WBA
1885,WBD
1886,WBS
1887,WCC
1888,WCG
1889,WD
1890,WDAY
1891,WDC
1892,WDFC
1893,WEC
1894,WELL
1895,WEN
1896,WERN
1897,WEX
1898,WFC
1899,WFM
1900,WFRD
1901,WGO
1902,WH
1903,WHD
1904,WHR
1905,WIBC
1906,WING
1907,WIRE
1908,WKC
1909,WLH
1910,WLK
1911,WLY
1912,WLYB
1913,WM
1914,WMB
1915,WMG
1916,WMS
1917,WMT
1918,WNC
1919,WOLF
1920,WOR
1921,WPC
1922,WPX
1923,WRB
1924,WRK
1925,WRLD
1926,WS
1927,WSFS
1928,WSM
1929,WSO
1930,WSR
1931,WST
1932,WT
1933,WTFC
1934,WTRG
1935,WTS
1936,WTW
1937,WU
1938,WW
1939,WWW
1940,WY
1941,WYNN
1942,X
1943,XCRA
1944,XEL
1945,XHR
1946,XLNX
1947,XNCR
1948,XOM
1949,XOXO
1950,XRAY
1951,XRX
1952,XYL
1953,Y
1954,YELP
1955,YETI
1956,YOU
1957,YUM
1958,ZBH
1959,ZBRA
1960,ZD
1961,ZEP
1962,ZEUS
1963,ZI
1964,ZION
1965,ZTS
1966,ZUMZ
1967,ZWS
